id,y,x1,x2,x3,x4,x5,x6,x7,x8,x9,x10,x11,x12,x13,x14,x15,x16,x17,x18,x19,x20,x21,x22,x23,x24,x25,x26,x27,x28,x29,x30,x31,x32
84,-0.37187699,68.336585,44.6,0,0,0,0,0,16.60962,31,6.055487599999999,8.019674,13.1405,0,1,0,1,0,0,0,0,0.2818,0.0009,0.47,0.0011,7,3,149.33700000000002,0,0,5,0.6390723,0.8792133
14,-5.510572666,71.383,16.0,1,0,0,0,0,12.46987,31,605.52093,9.455229,0.592806,1,0,1,0,0,1,0,0,0.6894,0.0001,0.0042,0.0004,6,6,100.831,0,0,1,0.43113500000000005,0.8503504000000001
115,0.82632164,75.378049,9.2,1,0,0,0,0,15.01842,45,12.645931,9.931548,2.22174,1,0,1,0,0,0,0,1,0.8418,0.0014,0.0017,0.0079,7,6,52.8068,0,0,1,0.2696376,0.5225997
109,-2.517138514,60.268,76.9,0,0,0,0,0,14.596739999999999,45,1.4058968,6.89013,7.782610000000001,0,1,0,1,0,0,0,0,0.0101,0.0,0.0429,0.41600000000000004,7,3,58.6219,0,0,4,0.5430406,0.9406674
85,-1.279834912,57.536,65.9,1,0,0,0,0,16.96835,30,41.119069,6.455319,3.5049099999999997,0,0,1,0,1,0,0,0,0.7851,0.0001,0.0699,0.0,6,6,57.0209,0,0,6,0.357736,0.6198347
142,3.096440677,45.375,108.2,0,0,0,0,0,15.816629999999998,0,11.791607,6.022974,6.9842699999999995,0,0,0,0,1,0,0,0,0.0007,0.0,0.9942,0.0,6,6,47.5282,0,0,7,0.0115399,0.023037099999999998
25,-1.3727226819999998,49.45399999999999,99.1,0,1,0,0,0,15.991520000000001,29,32.204072,5.613654,3.49831,0,1,0,0,1,0,0,0,0.1489,0.0,0.4862,0.0,7,6,35.4226,0,0,6,0.6082863000000001,0.8995687
7,0.174651401,67.87899999999999,42.3,0,0,0,0,1,15.079120000000001,31,124.27696,7.091951,0.0,0,1,0,0,0,0,0,0,0.8748,0.0002,0.0022,0.0001,7,3,81.3357,0,0,5,0.21966479999999997,0.43610129999999997
30,1.185462869,77.377073,6.8,1,0,0,0,0,17.140220000000003,45,3.0561356,10.24421,3.6961699999999995,0,0,1,0,0,1,0,0,0.8789,0.0126,0.009000000000000001,0.018000000000000002,6,6,51.4967,1,0,1,0.2203288,0.40080659999999996
139,2.354266425,70.932683,12.6,0,0,0,0,0,15.48306,31,110.17021000000001,8.805050999999999,0.263515,0,1,0,0,0,0,0,0,0.7269,0.0002,0.0,0.0,8,4,62.0863,0,0,3,0.39714190000000005,0.7938078000000001
90,-2.160088611,53.589,106.1,0,1,0,0,0,15.264420000000001,0,18.450919,5.554542,11.8025,0,1,0,1,0,0,0,0,0.0253,0.0,0.0043,0.51,6,5,35.8472,0,0,6,0.5272733000000001,0.9698773
118,-0.555483114,45.898,125.6,1,0,0,0,0,18.372220000000002,25,104.60378,6.82242,47.4765,0,0,1,0,1,0,0,0,0.45799999999999996,0.0,0.4461,0.0001,6,6,72.2405,1,1,5,0.5820531,0.9288780000000001
9,0.168218862,75.56829300000001,8.0,0,0,0,0,0,15.85385,45,92.974691,10.2731,0.44764499999999996,0,1,0,0,0,0,0,0,0.8324,0.0009,0.0204,0.0,8,4,73.9691,1,0,1,0.2852896,0.5392365
136,-0.685133779,68.10731700000001,14.4,1,0,0,0,0,11.14918,31,151.10217,9.057555,0.0,1,0,0,0,1,0,0,0,0.9707,0.0,0.0023,0.0,5,6,129.226,0,0,6,0.0570072,0.1132911
65,0.071749649,68.6,18.1,1,0,0,0,0,11.47505,30,283.18529,8.311214,0.0,1,0,1,0,0,1,0,0,0.8270000000000001,0.0,0.0,0.0,5,7,105.214,0,0,2,0.286142,0.572284
79,0.618716528,76.60731700000001,9.7,0,0,0,0,1,15.354529999999999,0,215.34196,9.677633,0.029949,0,0,1,1,0,0,0,0,0.0246,0.7901,0.1745,0.0,6,6,80.0758,0,0,2,0.34457,0.6274964
59,0.710660161,61.215,60.2,0,1,0,0,0,13.766539999999999,30,3.695471,9.019202,34.6789,0,0,0,0,1,0,0,0,0.8627,0.0,0.0428,0.0,7,6,76.8974,0,0,4,0.2449866,0.4481019
61,2.468423109,70.268,40.8,0,0,0,0,0,15.38454,31,84.012737,7.6907369999999995,0.36756500000000003,0,0,0,0,0,0,0,0,0.8458,0.0036,0.11,0.0,7,4,85.6379,0,0,6,0.270861,0.49069830000000003
42,-0.756714223,74.64399999999999,10.5,0,0,0,1,0,16.174670000000003,40,98.529618,8.200313000000001,0.9504969999999999,1,0,0,0,0,1,0,0,0.7229,0.0001,0.0008,0.0006,6,6,71.1145,0,0,7,0.4014592,0.7993249
40,-3.888366134,52.486000000000004,104.1,0,1,0,0,0,16.32248,31,38.577843,7.004853,2.96867,0,0,0,0,1,0,0,0,0.294,0.0,0.3867,0.0004,7,6,58.8015,0,0,6,0.6623296999999999,0.8880037000000001
130,3.6521495460000004,69.74122,24.4,0,0,0,0,1,16.95974,44,101.16344000000001,8.193721,7.49372,0,0,0,0,0,0,0,0,0.9127,0.0004,0.002,0.0,8,4,42.9071,0,0,6,0.1597665,0.3172919
103,1.767028799,45.746,130.1,0,1,0,0,0,15.95147,0,6.9375982,5.8149809999999995,2.43365,0,1,0,0,1,0,0,0,0.0191,0.0,0.8783,0.0,6,6,50.876999999999995,0,0,6,0.2176975,0.41474099999999997
114,0.5677947879999999,76.878049,6.8,0,0,0,0,0,16.52032,44,442.87647999999996,10.33334,1.32362,0,0,0,0,0,0,0,0,0.7588,0.0017,0.0356,0.0032,6,6,109.09899999999999,0,0,1,0.3826616,0.6892362
80,2.472233581,76.970732,8.4,0,0,0,0,0,17.853620000000003,45,192.85043000000002,10.178560000000001,0.15162799999999999,0,0,0,0,0,0,0,0,0.8441,0.0007,0.0104,0.0001,8,5,37.9898,0,0,1,0.26644840000000003,0.5163814999999999
63,1.426855737,56.755,79.3,1,0,0,0,0,16.49847,28,64.28874,6.390283,4.36304,0,0,1,0,1,0,0,0,0.5514,0.0,0.1951,0.0,7,6,42.7282,0,0,6,0.5936316999999999,0.8600109
13,1.147798391,58.401,99.7,1,0,0,0,0,18.480729999999998,0,815.76893,5.5724089999999995,2.33873,0,0,1,1,0,0,0,0,0.001,0.0,0.883,0.006,7,5,19.6527,0,0,5,0.20817399999999997,0.40811759999999997
99,1.822924868,51.003,97.7,0,1,0,0,0,16.2664,30,19.944687,5.794261,4.41295,1,0,0,0,1,0,0,0,0.5266,0.0,0.0214,0.0003,7,5,44.6293,0,0,4,0.5182015,0.9743875
137,-3.468630105,37.348,155.4,1,0,0,0,0,15.27697,31,59.742948,6.23128,12.5428,0,0,0,0,1,0,0,0,0.1131,0.0,0.45,0.0,7,7,46.2159,0,0,6,0.5938268,0.9208212
106,0.057697443,69.404878,19.8,0,1,0,0,0,13.872620000000001,31,521.5640400000001,8.052333,0.042062,1,0,0,0,1,0,0,0,0.3322,0.0,0.1653,0.0025,7,6,137.112,0,0,2,0.6123128000000001,0.8860398000000002
62,-0.5009909570000001,75.227756,7.0,0,0,0,0,0,18.19042,31,227.51705,10.273810000000001,0.238623,0,0,0,0,0,0,0,0,0.7879,0.0006,0.0359,0.0009,9,4,49.6642,1,0,1,0.3474035,0.6324029999999999
120,2.730857797,67.181,31.8,0,0,1,0,0,14.410029999999999,37,5.8551212,9.257285000000001,42.23,0,0,0,1,0,0,0,0,0.0467,0.0,0.8553,0.0065,6,6,74.8292,0,0,6,0.2578665,0.4623231
88,4.644078456,72.079,15.1,1,0,0,0,0,14.557260000000001,0,117.82351000000001,9.607008,37.4538,0,0,0,1,0,0,0,0,0.0472,0.0,0.8968,0.0,8,4,103.01100000000001,0,1,7,0.1903859,0.3523268
35,-1.01934141,68.292,28.9,0,0,0,1,0,17.349829999999997,0,30.889197999999997,7.921613000000001,9.10708,0,0,0,0,0,0,1,0,0.9591,0.0003,0.0006,0.0,6,5,35.3864,0,0,3,0.07852669999999999,0.156637
98,0.814467635,71.152,33.1,0,0,0,0,1,14.506770000000001,31,78.498938,7.9656839999999995,0.0,0,1,0,0,0,0,0,0,0.6195,0.0005,0.3354,0.0,8,4,61.6768,0,0,3,0.5017372,0.8907681000000001
6,-1.29041472,71.565,25.4,0,0,0,1,0,17.30379,38,11.959608,8.215269000000001,3.3778300000000003,0,0,0,0,0,0,1,0,0.9059999999999999,0.0191,0.0,0.0,5,7,14.9909,1,0,1,0.17318920000000002,0.330825
110,2.209555372,64.733,62.7,0,1,0,0,0,17.02954,18,55.745318999999995,7.349710000000001,1.04118,0,0,0,0,1,0,0,0,0.0137,0.0006,0.977,0.0,7,5,58.3133,0,0,4,0.045207300000000006,0.0888587
78,0.078171504,74.80909799999999,7.7,1,0,0,0,0,15.07226,45,51.008477,10.02962,0.514517,1,0,1,0,0,0,0,0,0.9461,0.0004,0.0021,0.0,5,6,108.742,0,0,1,0.1022483,0.2030276
37,0.8319423229999999,49.043,119.7,0,0,0,0,0,17.35979,23,15.268556,6.224655,15.8977,0,0,0,0,1,0,0,0,0.9365,0.0,0.0122,0.0001,6,6,58.7084,0,0,6,0.12019749999999998,0.23330320000000002
11,-0.7301548459999999,70.705,19.6,1,0,0,0,0,12.454239999999999,31,25.607992000000003,9.985868,0.117247,1,0,1,0,0,1,0,0,0.8222,0.0016,0.0,0.0,6,6,110.12,0,0,2,0.2929382,0.5830948
75,-0.414384856,63.281000000000006,61.8,0,0,0,0,0,19.01642,0,100.15446,6.776742,12.5712,1,0,0,1,0,0,0,0,0.1077,0.0,0.8420000000000001,0.01,6,6,49.0619,0,0,6,0.2777126,0.496096
107,0.062467653,70.836,36.3,0,0,0,1,0,18.26236,45,43.909501,8.786339,8.87417,0,0,0,0,0,1,0,0,0.9685,0.0013,0.0,0.0,6,6,38.3062,1,0,4,0.061094,0.1217318
51,2.601313723,63.99,46.1,0,0,0,1,0,15.474689999999999,0,253.61892000000003,7.521453999999999,1.29601,0,0,0,0,0,0,1,0,0.9671,0.0001,0.0003,0.0001,6,6,49.7825,0,0,3,0.06366770000000001,0.1271466
70,-0.06087659,54.608999999999995,100.3,0,1,0,0,0,15.775570000000002,44,257.61001,6.3996010000000005,0.969877,1,0,0,0,0,1,0,0,0.915,0.0,0.0003,0.0,6,6,39.8075,0,0,4,0.15560079999999998,0.3109226
69,0.792778808,63.29,46.6,1,0,0,0,0,13.518870000000001,31,3.7760172999999995,6.997414999999999,13.995,0,0,0,0,0,0,1,0,0.4221,0.0001,0.08,0.0021,5,6,142.566,0,0,5,0.5697087,0.9310871
82,-3.194372932,78.83682900000001,4.6,0,0,0,0,0,18.63205,45,338.82885,10.37703,0.042233,1,0,0,1,0,0,0,0,0.03,0.0,0.0013,0.7462,6,6,19.6672,0,0,1,0.3927776,0.7227412
28,-2.114191434,53.595,84.7,0,1,0,0,0,16.00977,0,50.834703999999995,5.4447410000000005,20.3918,0,0,0,0,1,0,0,0,0.011000000000000001,0.0,0.0233,0.8466,6,5,13.5338,0,0,7,0.26841970000000004,0.49236769999999996
48,-0.984713225,67.866,46.4,0,0,0,1,0,15.787320000000001,44,148.69897,7.745234,2.0613900000000003,1,0,0,0,0,1,0,0,0.8506,0.0,0.0002,0.0002,6,6,77.5176,0,0,2,0.2542786,0.5079483
54,-0.233508181,69.47561,14.0,0,0,0,0,0,14.266060000000001,31,37.017551,8.819529,0.0,0,0,0,0,0,0,0,0,0.4362,0.0011,0.0027,0.0003,6,6,143.718,0,0,2,0.49645690000000003,0.9808529
52,3.214948895,48.239,121.0,0,0,0,1,0,12.96418,31,15.217326000000002,7.015221,12.5787,0,0,0,0,1,0,0,0,0.9155,0.0,0.02,0.0,7,5,101.745,0,0,7,0.15729949999999998,0.300427
46,2.7440373510000002,56.678000000000004,92.2,0,1,0,0,0,13.28855,31,25.470147,6.828442,0.394821,0,0,0,0,1,0,0,0,0.0458,0.0,0.9371,0.0,7,6,132.27200000000002,0,0,6,0.1194535,0.23010010000000003
117,4.270080509,43.54,132.0,0,1,0,0,0,15.896560000000001,31,6.3257764000000005,5.601701,2.85148,0,1,0,0,1,0,0,0,0.0085,0.0,0.9016,0.0,7,6,36.9707,0,0,6,0.17896320000000002,0.34965890000000005
38,-1.1697395590000002,55.95399999999999,58.8,0,1,0,0,0,14.7077,31,7.146286999999999,7.503603,45.8424,0,0,0,0,1,0,0,0,0.8853,0.0,0.0112,0.0,7,6,99.4751,0,0,6,0.20540619999999998,0.39849759999999995
122,1.435763098,72.987,25.6,0,0,0,1,0,14.720139999999999,44,33.239292,8.0369,0.485691,0,0,0,0,0,1,0,0,0.956,0.0005,0.0146,0.0051,6,6,165.38400000000001,0,0,4,0.0852581,0.1640093
18,-2.339982027,53.812,107.1,0,1,0,0,0,15.420639999999999,31,44.151259,6.186163,5.2782,0,0,0,0,1,0,0,0,0.2758,0.0,0.1836,0.0,7,6,40.6187,0,0,6,0.5979770000000001,0.8674625
3,5.95119907,66.725,41.8,0,1,0,0,0,17.07023,27,10.879595,7.85423,12.9768,0,0,0,0,1,0,0,0,0.0051,0.0,0.965,0.0,6,6,48.3807,0,1,4,0.067855,0.1339441
2,0.685759931,71.836,34.8,0,0,0,0,1,15.00535,44,119.94679,7.381653999999999,10.4237,0,0,0,0,0,0,0,0,0.2999,0.0001,0.42,0.0,8,4,38.0658,0,0,7,0.6552600000000001,0.8869081
68,0.810507153,49.071000000000005,132.3,0,0,1,0,0,13.827720000000001,20,35.998578,6.0566580000000005,10.0373,0,0,0,0,1,0,0,0,0.1196,0.0,0.33,0.0,5,6,46.9705,0,0,6,0.5738555999999999,0.8870331
119,3.2802347960000002,76.537317,7.0,0,0,0,0,0,15.260420000000002,45,11.612711000000001,10.72522,10.865,0,0,0,0,0,0,0,0,0.9006,0.0002,0.0033,0.0066,6,6,73.9275,0,0,1,0.18089070000000002,0.3517517
131,-2.9298138689999997,68.886098,18.5,0,0,0,0,0,18.81469,0,9.0477396,8.651821,18.2943,0,0,0,1,0,0,0,0,0.2437,0.0101,0.1014,0.002,7,3,36.1068,1,0,5,0.5170305000000001,0.8074116
125,-1.989378434,65.541,57.0,0,0,0,1,0,16.89864,0,17.052077,7.563925,9.78176,0,0,0,0,0,0,1,0,0.9897,0.0002,0.0,0.0003,5,6,29.598000000000003,0,0,3,0.0203977,0.0407366
135,6.800272352,57.202,71.2,0,1,0,0,0,15.8378,0,39.243843,6.525469,1.4885700000000002,0,0,0,0,1,0,0,0,0.0548,0.0,0.8779,0.0001,7,6,57.5961,0,0,4,0.22177270000000004,0.4046174
26,0.235405637,48.053000000000004,105.4,0,0,0,0,0,15.504760000000001,30,210.88065,5.357094,9.320689999999999,0,1,0,0,1,0,0,0,0.8962,0.0,0.0194,0.0,7,6,35.6481,0,0,7,0.1893258,0.3610429
101,3.0508292760000004,70.727,14.3,1,0,0,0,0,16.70801,23,54.902818,8.054242,17.0665,0,0,1,1,0,0,0,0,0.08,0.0,0.586,0.182,7,6,146.964,1,0,5,0.5939760000000001,0.7789661999999999
67,-1.33532139,49.949,138.6,0,1,0,0,0,15.6141,33,24.585276,5.988074,18.2613,0,0,0,0,1,0,0,0,0.0382,0.0,0.6685,0.0008,6,6,64.517,0,0,6,0.4660916,0.8403199
123,1.534345929,58.865,64.1,1,0,0,0,0,15.27716,0,9.524045,6.916144,45.1362,1,0,0,0,0,0,0,1,0.9501,0.0001,0.0002,0.0015,6,6,89.5715,0,0,2,0.0949941,0.1889954
16,-0.060744930999999995,76.051951,8.3,0,0,0,0,0,16.114829999999998,45,325.89799999999997,10.255289999999999,0.000295,0,0,0,0,0,0,0,0,0.8524,0.0032,0.0316,0.002,6,6,132.332,1,0,1,0.2601248,0.4765666
124,3.7863028310000004,68.014,36.3,0,0,0,1,0,15.253860000000001,42,10.605945,7.216341000000001,3.36174,0,1,0,0,0,0,1,0,0.9819,0.0006,0.0,0.0015,6,6,72.7405,0,0,4,0.0356138,0.07082089999999999
5,-6.143410482999999,71.351,24.2,1,0,0,0,0,11.1079,31,151.58182,9.20704,0.0,1,0,1,0,0,0,1,0,0.8028,0.0,0.0051,0.0,5,7,175.925,0,0,3,0.3185837,0.6277294
73,-0.39415479200000003,78.03634100000001,5.0,0,0,0,0,0,12.44834,31,2.5419052000000004,10.62573,0.0,1,0,0,0,0,0,0,0,0.965,0.0,0.0002,0.0,7,6,65.9798,0,0,1,0.0675639,0.13504720000000003
104,2.438348743,75.935683,10.0,1,0,0,0,0,12.77753,31,1106.7813,9.177732,0.0,1,0,0,0,0,0,0,0,0.9891,0.0001,0.0035,0.0,7,6,164.484,0,0,1,0.0216156,0.0429152
141,-1.031423204,56.638000000000005,31.2,1,0,0,0,0,12.65025,31,11.141122,6.8936020000000005,6.974410000000001,1,0,0,0,0,0,0,1,0.95,0.0,0.0014,0.0033,5,6,94.7451,0,0,1,0.09543510000000001,0.1883878
113,-0.578513628,54.26,97.5,0,0,0,0,0,16.74667,42,131.11473,5.428824,5.667330000000001,0,1,0,1,0,0,0,0,0.0289,0.0,0.0392,0.11,5,5,32.1888,1,0,4,0.3100085,0.533466
94,2.320690795,47.183,173.7,0,0,0,0,0,14.55613,0,21.773588,5.291475,38.8586,0,0,1,0,1,0,0,0,0.36,0.0,0.18,0.0,6,6,99.0529,0,0,7,0.6264,0.8951040000000001
4,-2.030599328,41.696000000000005,132.0,0,0,1,0,0,16.3146,0,9.7629269,7.545124,30.4279,0,0,0,0,1,0,0,0,0.9289,0.0,0.0091,0.0001,6,4,59.841,0,0,7,0.1332304,0.260102
74,0.26645874399999997,57.915,88.5,1,0,0,0,0,20.58416,0,292.6599,5.968736,3.5638699999999996,0,0,1,1,0,0,0,0,0.05,0.0,0.121,0.0071,7,5,15.239,1,0,2,0.307289,0.5424180999999999
93,-1.731466526,59.206,71.2,1,0,0,0,0,14.287970000000001,31,52.830631999999994,6.217985,2.74063,0,1,0,0,1,0,0,0,0.9044,0.0,0.0005,0.0,5,7,141.319,0,0,6,0.1730164,0.3455167
144,2.3200412619999997,76.837561,7.5,0,0,0,0,0,17.47566,37,77.821804,9.851377000000001,0.164838,0,0,0,0,0,0,0,0,0.9616,0.0003,0.0044,0.0004,7,5,35.5214,1,0,1,0.0741969,0.146396
145,-0.554066188,69.51100000000001,18.1,1,0,0,0,0,16.66793,0,276.34688,6.676878,1.50043,1,0,1,1,0,0,0,0,0.0773,0.0,0.0883,0.6856,8,5,68.2439,0,0,4,0.494039,0.717006
77,0.588655002,66.118,42.2,0,0,0,0,1,16.67594,0,39.941022,7.244378,32.5583,0,0,0,1,0,0,0,0,0.022000000000000002,0.0,0.96,0.0,6,6,15.1263,0,1,7,0.077592,0.1506221
149,0.34035709399999997,55.5,82.1,1,0,0,0,0,16.8186,0,10.846378,6.2975959999999995,2.4386099999999997,0,0,0,0,1,0,0,0,0.1605,0.0,0.6751,0.0,6,6,11.0874,0,0,7,0.4914524,0.7691449
27,-3.427594173,64.877,48.2,0,0,1,0,0,12.74222,31,84.834491,7.166003,0.25956599999999996,1,0,0,0,1,0,0,0,0.9599,0.0,0.0223,0.0,5,6,85.9516,0,0,5,0.0777779,0.1509835
92,4.440371978,70.222,26.9,0,0,0,0,1,14.80988,0,264.22444,8.13138,0.056672,0,0,0,1,0,0,0,0,0.4697,0.0,0.5303,0.0,7,5,117.917,0,0,6,0.4981638,0.9963276
50,1.5461104280000002,64.58,62.9,0,0,0,0,1,17.86577,36,57.674634999999995,6.7598720000000005,16.2348,0,0,0,0,1,0,0,0,0.1332,0.0,0.8598,0.0,6,5,52.7609,0,0,5,0.2429527,0.4762853
133,1.352770215,64.851,25.4,0,0,0,0,0,12.000680000000001,31,57.549822999999996,7.376797,3.2563400000000002,1,0,0,0,0,0,0,1,0.9726,0.0,0.0002,0.0001,7,6,72.7679,0,0,2,0.0533148,0.1065344
32,-1.854427145,46.952,112.1,0,1,0,0,0,15.60005,0,4.7306695,6.086896,4.51907,0,1,0,0,1,0,0,0,0.3179,0.0,0.47,0.0001,7,6,41.387,0,0,7,0.6330956,0.8857048000000001
10,3.0727437760000003,64.827,75.9,0,0,0,0,0,15.783879999999998,31,86.028095,7.4281369999999995,23.3367,0,1,0,0,0,0,0,0,0.0389,0.0031,0.9,0.0,7,3,83.0969,0,0,5,0.1851132,0.3425313
1,-0.8526672279999999,49.856,118.8,1,0,0,0,0,16.32096,0,18.762237,6.162105,9.39728,0,1,0,1,0,0,0,0,0.0004,0.0,0.9709,0.0003,6,6,24.7138,0,0,7,0.056546400000000004,0.1128597
111,0.9568168890000001,42.915,159.4,0,0,1,0,0,16.39933,0,16.846370999999998,5.228262,8.60447,0,0,0,0,1,0,0,0,0.3805,0.0,0.16,0.0,7,5,44.2422,0,0,6,0.6184795,0.9012667
108,-0.849019766,67.643,27.5,0,0,0,0,1,15.122760000000001,31,128.74909,7.242871000000001,0.0,0,1,0,0,0,0,0,0,0.9481,0.0116,0.0073,0.0,7,4,98.7827,0,0,5,0.0998295,0.1915662
112,-0.227911065,61.538999999999994,49.0,1,0,0,0,0,14.162420000000001,31,1.7183398,7.900764,12.1538,0,0,1,0,1,0,0,0,0.9231,0.0012,0.0001,0.0,5,7,119.322,0,0,2,0.1421696,0.2832491
97,3.658772696,75.01041500000001,7.3,0,0,0,0,0,12.852780000000001,45,147.41899999999998,10.80689,0.0,0,1,0,0,0,0,0,0,0.9235,0.0018,0.0102,0.0,7,6,189.761,0,0,1,0.1428802,0.27696529999999997
147,-1.377252846,71.108,18.6,1,0,0,0,0,11.83635,31,226.53278999999998,8.497351,0.0,1,0,0,0,0,1,0,0,0.9854,0.0,0.0,0.0,5,7,156.725,0,0,1,0.028773700000000003,0.057547400000000005
81,0.041676798,72.065,25.5,1,0,0,0,0,14.70103,32,223.84506000000002,8.237281,6.43602,1,0,1,0,0,0,1,0,0.7047,0.0002,0.0012,0.0001,7,6,99.9402,0,0,2,0.41707799999999995,0.8304246999999999
64,0.89352177,76.939024,9.2,0,0,0,0,1,16.13758,41,79.106222,9.673008,0.243896,0,0,0,0,0,0,0,0,0.96,0.0006,0.0199,0.0,6,6,48.7495,0,0,1,0.0776234,0.1505013
20,1.437287279,55.104,85.3,0,0,0,1,0,15.740670000000001,42,6.3290354,6.716951,10.6626,0,1,0,0,0,0,1,0,0.9543,0.0004,0.0002,0.0007,6,6,46.7033,0,0,2,0.0873395,0.1740119
31,-1.58985359,48.766999999999996,114.9,0,1,0,0,0,14.89385,31,4.7188995,6.000051999999999,3.7919699999999996,0,1,0,0,1,0,0,0,0.6326,0.0,0.1553,0.0,7,6,42.3895,0,0,6,0.5307126999999999,0.8113779000000001
34,-0.559504996,69.293,42.1,0,0,0,0,0,20.85006,23,120.91551000000001,6.1426940000000005,8.080860000000001,0,0,0,1,0,0,0,0,0.0442,0.0,0.015,0.1211,6,5,29.1592,0,0,7,0.31124809999999997,0.5444928000000001
72,0.76124501,69.31560999999999,15.2,0,0,0,0,0,16.15481,44,115.43327,9.051471000000001,1.9747299999999999,0,1,0,0,0,0,0,0,0.777,0.0096,0.0016,0.0001,8,4,59.677,0,0,2,0.3513594,0.6802183
91,2.715522366,69.27317099999999,13.1,0,0,0,0,0,14.795020000000001,31,42.818686,8.812987,0.0,0,0,0,0,0,0,0,0,0.5402,0.0041,0.0024,0.0,8,4,96.7329,0,0,2,0.5026805,0.9861436
95,0.599889476,68.52199999999999,35.7,0,0,0,0,1,15.30541,39,2.5214891,8.844742,33.6472,0,0,0,0,1,0,0,0,0.0241,0.0,0.97,0.0012,6,6,70.7978,0,1,7,0.0584957,0.11526889999999998
8,2.300179205,76.99463399999999,7.6,1,0,0,0,0,16.65255,45,2.2213529999999997,10.1866,3.26591,1,0,1,0,0,0,0,1,0.8239,0.0049,0.0094,0.0082,6,6,31.915,1,0,1,0.2974162,0.5587434
96,-3.400632926,71.160732,12.0,0,0,0,0,0,15.12326,31,58.995501000000004,8.813744,0.015594,0,0,0,0,0,0,0,0,0.8541,0.0015,0.002,0.0002,8,4,112.76100000000001,0,0,2,0.2502861,0.4951354
29,-1.433517799,52.208999999999996,86.0,0,1,0,0,0,16.2764,28,24.783097,6.877133000000001,11.3311,0,0,0,0,1,0,0,0,0.5258,0.0,0.212,0.0,7,6,37.4964,0,0,6,0.6098415,0.8689551
89,0.8327882879999999,68.297561,54.6,0,0,0,0,0,15.295110000000001,31,22.894682,6.548623,0.9614879999999999,0,1,0,1,0,0,0,0,0.1083,0.0012,0.7229,0.0041,7,3,78.7537,0,0,5,0.4389362,0.7105859999999999
100,-0.286108773,46.576,138.2,1,0,0,0,0,16.06021,31,100.10133,5.617317,6.52913,0,1,1,0,1,0,0,0,0.6458,0.0,0.2,0.0,6,6,57.2028,0,0,7,0.5191647,0.7993318
87,2.064943066,71.597561,13.3,0,0,0,0,0,17.57367,38,444.42549,9.045114,0.059888,0,0,0,1,0,0,0,0,0.2341,0.0,0.0001,0.2165,6,6,56.983000000000004,0,0,2,0.5965944999999999,0.8587513000000001
146,-0.9220858040000001,65.95121999999999,26.1,1,0,0,0,0,10.61727,31,157.05385,8.886609,0.0,1,0,1,0,0,1,0,0,0.877,0.0,0.0,0.0,6,7,134.894,1,0,1,0.21574200000000002,0.43148400000000003
76,3.3743288419999997,63.828,43.7,0,0,0,0,0,17.84489,0,34.520853,7.688302999999999,20.9494,0,0,0,1,0,0,0,0,0.0034,0.0003,0.9742,0.0,7,5,37.6592,0,1,6,0.0504343,0.0999005
128,0.017121786,73.96585400000001,11.5,0,0,0,0,0,16.11642,45,109.10621,9.573521000000001,0.579518,0,0,0,0,0,0,0,0,0.9440000000000001,0.0001,0.002,0.0051,6,6,66.3074,0,0,1,0.1064525,0.2087949
36,2.09972694,56.677,87.7,0,1,0,0,0,12.92779,30,221.16817999999998,7.236032000000001,0.937213,1,0,0,0,1,0,0,0,0.0096,0.0,0.98,0.0,7,6,51.3985,1,0,5,0.039399699999999996,0.07762519999999999
33,3.3240249669999997,73.68,16.1,0,0,0,1,0,16.39891,44,17.809767,8.303574000000001,11.8951,0,0,0,0,0,0,1,0,0.943,0.0007,0.0002,0.0001,6,6,64.5357,0,0,2,0.1076145,0.21459250000000002
19,-1.847126209,52.879,89.6,1,0,0,0,0,13.194270000000001,45,11.499262,6.426776,20.836,0,1,1,1,0,0,0,0,0.0092,0.0,0.0103,0.7376,4,7,61.2636,0,0,6,0.39675509999999997,0.7504711
23,0.78780266,65.3,52.6,0,0,1,0,0,18.821820000000002,45,17.869065,8.304753,2.48925,0,0,0,0,0,0,1,0,0.9538,0.0006,0.0003,0.0016,7,4,15.1618,1,0,2,0.0883529,0.1754359
43,-3.20550927,76.554,9.9,1,0,0,0,0,13.54974,30,82.966883,9.76026,0.043762,1,0,0,0,0,0,0,0,0.7426,0.0002,0.19,0.0,6,6,108.60799999999999,0,0,1,0.40792940000000005,0.7015915
58,-0.842662493,76.6,7.4,0,0,0,0,0,17.88476,41,106.85982,10.247060000000001,0.16175,0,0,0,0,0,0,0,0,0.7864,0.0101,0.0319,0.0054,7,5,43.8501,0,0,1,0.3528038,0.6249691999999999
60,2.746908593,52.176,82.4,1,0,0,0,0,13.72865,30,90.593676,6.050731,2.68751,0,0,0,0,1,0,0,0,0.0405,0.0,0.8586,0.0,6,6,131.485,0,0,2,0.250985,0.45986640000000006
148,-3.467932687,70.14,20.2,1,0,0,0,0,11.585289999999999,31,275.65385,8.016466000000001,0.0,1,0,1,0,0,1,0,0,0.8625,0.0,0.0142,0.0,7,7,142.643,0,0,1,0.24068920000000002,0.463257
12,2.4146915769999997,72.39,19.6,1,0,0,0,0,13.114189999999999,31,718.74058,9.66117,37.6808,1,0,0,1,0,0,0,0,0.0526,0.0005,0.8635,0.0002,6,6,210.16099999999997,0,0,6,0.2446785,0.4429865
56,2.37559292,65.51,24.3,1,0,0,0,0,13.498920000000002,31,39.881116999999996,7.989078999999999,2.5501,1,0,1,0,0,0,0,1,0.5689,0.0001,0.0692,0.0,6,6,129.5,0,0,6,0.5406649,0.9100859
53,-1.5572974290000001,49.589,92.7,0,0,0,0,0,14.9512,31,30.824861,5.030368,0.0,0,0,0,0,1,0,0,0,0.4855,0.0,0.4863,0.0,6,6,56.3772,0,0,6,0.5270068,0.9741179
